-- phpMyAdmin SQL Dump
-- version 4.6.4
-- https://www.phpmyadmin.net/
--
-- Servidor: 127.0.0.1
-- Tiempo de generación: 04-09-2017 a las 23:05:03
-- Versión del servidor: 5.7.14
-- Versión de PHP: 5.6.25

SET SQL_MODE = "NO_AUTO_VALUE_ON_ZERO";
SET time_zone = "+00:00";


/*!40101 SET @OLD_CHARACTER_SET_CLIENT=@@CHARACTER_SET_CLIENT */;
/*!40101 SET @OLD_CHARACTER_SET_RESULTS=@@CHARACTER_SET_RESULTS */;
/*!40101 SET @OLD_COLLATION_CONNECTION=@@COLLATION_CONNECTION */;
/*!40101 SET NAMES utf8mb4 */;

--
-- Base de datos: `store`
--
CREATE DATABASE IF NOT EXISTS `store` DEFAULT CHARACTER SET latin1 COLLATE latin1_swedish_ci;
USE `store`;
-- --------------------------------------------------------

--
-- Estructura de tabla para la tabla `administrador`
--

CREATE TABLE `administrador` (
  `Nombre` varchar(30) NOT NULL,
  `Clave` text NOT NULL
) ENGINE=InnoDB DEFAULT CHARSET=latin1;

--
-- Volcado de datos para la tabla `administrador`
--

INSERT INTO `administrador` (`Nombre`, `Clave`) VALUES
('admin', '21232f297a57a5a743894a0e4a801fc3');

-- --------------------------------------------------------

--
-- Estructura de tabla para la tabla `categoria`
--

CREATE TABLE `categoria` (
  `CodigoCat` varchar(30) NOT NULL,
  `Nombre` varchar(30) NOT NULL,
  `Descripcion` text NOT NULL
) ENGINE=InnoDB DEFAULT CHARSET=latin1;

--
-- Volcado de datos para la tabla `categoria`
--

INSERT INTO `categoria` (`CodigoCat`, `Nombre`, `Descripcion`) VALUES
('C1', 'Panes', 'baguette, bolillos, pan de sal, pan de dulce, pan mixto, etc'),
('C2', 'Pasteles y Tortas', 'Tortas de cumpleaños, Almendrado  de chocolate, selva negra, etc'),
('C3', 'Lácteos', 'leche, yogurt, queso, etc.'),
('C4', 'Varios', 'Todo tipo de productos');

-- --------------------------------------------------------

--
-- Estructura de tabla para la tabla `cliente`
--

CREATE TABLE `cliente` (
  `NIT` varchar(30) NOT NULL,
  `Nombre` varchar(30) NOT NULL,
  `NombreCompleto` varchar(70) NOT NULL,
  `Apellido` varchar(70) NOT NULL,
  `Clave` text NOT NULL,
  `Direccion` varchar(200) NOT NULL,
  `Telefono` int(20) NOT NULL,
  `Email` varchar(30) NOT NULL
) ENGINE=InnoDB DEFAULT CHARSET=latin1;

--
-- Volcado de datos para la tabla `cliente`
--

INSERT INTO `cliente` (`NIT`, `Nombre`, `NombreCompleto`, `Apellido`, `Clave`, `Direccion`, `Telefono`, `Email`) VALUES
('092658501-9', 'andreajur', 'Andrea', 'Jurado', 'dd573120e473c889140e34e817895495', 'sauces 6', 969907076, 'andrea@yopmail.com');

-- --------------------------------------------------------

--
-- Estructura de tabla para la tabla `detalle`
--

CREATE TABLE `detalle` (
  `NumPedido` int(20) NOT NULL,
  `CodigoProd` varchar(30) NOT NULL,
  `CantidadProductos` int(20) NOT NULL
) ENGINE=InnoDB DEFAULT CHARSET=latin1;

--
-- Volcado de datos para la tabla `detalle`
--

INSERT INTO `detalle` (`NumPedido`, `CodigoProd`, `CantidadProductos`) VALUES
(5, 'P2', 1),
(5, 'P1', 1),
(7, 'P3', 1),
(7, 'P3', 1),
(8, 'P3', 1);

-- --------------------------------------------------------

--
-- Estructura de tabla para la tabla `producto`
--

CREATE TABLE `producto` (
  `CodigoProd` varchar(30) NOT NULL,
  `NombreProd` varchar(30) NOT NULL,
  `CodigoCat` varchar(30) NOT NULL,
  `Precio` decimal(30,2) NOT NULL,
  `Modelo` varchar(30) NOT NULL,
  `Marca` varchar(30) NOT NULL,
  `Stock` int(20) NOT NULL,
  `NITProveedor` varchar(30) NOT NULL,
  `Imagen` varchar(150) NOT NULL,
  `Nombre` varchar(30) NOT NULL
) ENGINE=InnoDB DEFAULT CHARSET=latin1;

--
-- Volcado de datos para la tabla `producto`
--

INSERT INTO `producto` (`CodigoProd`, `NombreProd`, `CodigoCat`, `Precio`, `Modelo`, `Marca`, `Stock`, `NITProveedor`, `Imagen`, `Nombre`) VALUES
('P1', 'Flan de Coco', 'C2', '4.00', 'Flan de Coco', 'Flan de Coco', 24, '0001781', 'flancoco.jpg', 'admin'),
('P2', 'Leche Chocolate Toni', 'C3', '1.00', 'leche', 'leche chocolatada', 9, '0001783', 'lechetoni.jfif', 'admin'),
('P3', 'Pan de dulce', 'C1', '1.00', 'dulce', 'pan', 97, '0001781', 'pandulce.jpg', 'admin');

-- --------------------------------------------------------

--
-- Estructura de tabla para la tabla `proveedor`
--

CREATE TABLE `proveedor` (
  `NITProveedor` varchar(30) NOT NULL,
  `NombreProveedor` varchar(30) NOT NULL,
  `Direccion` varchar(200) NOT NULL,
  `Telefono` int(20) NOT NULL,
  `PaginaWeb` varchar(30) NOT NULL
) ENGINE=InnoDB DEFAULT CHARSET=latin1;

--
-- Volcado de datos para la tabla `proveedor`
--

INSERT INTO `proveedor` (`NITProveedor`, `NombreProveedor`, `Direccion`, `Telefono`, `PaginaWeb`) VALUES
('0001781', 'Bimbo', 'km 25 y C N-O, Vía Perimetral & Calle 23', 2259648, 'www.bimbo.com.ec'),
('0001782', 'Ingenio San Carlos', 'G. Elizalde #114 y Malecón', 2598745, 'www.sancarlos.com.ec'),
('0001783', 'Industrias Lácteas Toni S.A', 'Km. 7.5 Via Daule', 2569874, 'www.tonisa.com'),
('0001784', 'La Industria Harinera S.A', 'Av. Maldonado S13-178 y Joaquín Gutiérrez', 2345364, 'www.santa-lucia.ec'),
('0001785', 'Helados Pinguino', 'Av. 9 de Octubre', 2452753, 'heladospinguino.com.ec'),
('0001786', 'Panadería Pacífico', 'Av. Portete y Gallegos Lara', 2452752, 'panaderiapacifico.com');

-- --------------------------------------------------------

--
-- Estructura de tabla para la tabla `venta`
--

CREATE TABLE `venta` (
  `NumPedido` int(20) NOT NULL,
  `Fecha` varchar(150) NOT NULL,
  `NIT` varchar(30) NOT NULL,
  `Descuento` int(20) NOT NULL,
  `TotalPagar` decimal(30,2) NOT NULL,
  `Estado` varchar(150) NOT NULL
) ENGINE=InnoDB DEFAULT CHARSET=latin1;

--
-- Volcado de datos para la tabla `venta`
--

INSERT INTO `venta` (`NumPedido`, `Fecha`, `NIT`, `Descuento`, `TotalPagar`, `Estado`) VALUES
(5, '04-09-2017', '092658501-9', 0, '5.00', 'Pendiente'),
(6, '04-09-2017', '092658501-9', 0, '5.00', 'Pendiente'),
(7, '04-09-2017', '092658501-9', 0, '2.00', 'Pendiente'),
(8, '04-09-2017', '092658501-9', 0, '1.00', 'Pendiente');

--
-- Índices para tablas volcadas
--

--
-- Indices de la tabla `administrador`
--
ALTER TABLE `administrador`
  ADD PRIMARY KEY (`Nombre`);

--
-- Indices de la tabla `categoria`
--
ALTER TABLE `categoria`
  ADD PRIMARY KEY (`CodigoCat`);

--
-- Indices de la tabla `cliente`
--
ALTER TABLE `cliente`
  ADD PRIMARY KEY (`NIT`);

--
-- Indices de la tabla `detalle`
--
ALTER TABLE `detalle`
  ADD KEY `NumPedido` (`NumPedido`),
  ADD KEY `CodigoProd` (`CodigoProd`);

--
-- Indices de la tabla `producto`
--
ALTER TABLE `producto`
  ADD PRIMARY KEY (`CodigoProd`),
  ADD KEY `CodigoCat` (`CodigoCat`),
  ADD KEY `NITProveedor` (`NITProveedor`),
  ADD KEY `Agregado` (`Nombre`);

--
-- Indices de la tabla `proveedor`
--
ALTER TABLE `proveedor`
  ADD PRIMARY KEY (`NITProveedor`);

--
-- Indices de la tabla `venta`
--
ALTER TABLE `venta`
  ADD PRIMARY KEY (`NumPedido`),
  ADD KEY `NIT` (`NIT`),
  ADD KEY `NIT_2` (`NIT`);

--
-- AUTO_INCREMENT de las tablas volcadas
--

--
-- AUTO_INCREMENT de la tabla `venta`
--
ALTER TABLE `venta`
  MODIFY `NumPedido` int(20) NOT NULL AUTO_INCREMENT, AUTO_INCREMENT=9;
--
-- Restricciones para tablas volcadas
--

--
-- Filtros para la tabla `detalle`
--
ALTER TABLE `detalle`
  ADD CONSTRAINT `detalle_ibfk_8` FOREIGN KEY (`CodigoProd`) REFERENCES `producto` (`CodigoProd`) ON UPDATE CASCADE,
  ADD CONSTRAINT `detalle_ibfk_9` FOREIGN KEY (`NumPedido`) REFERENCES `venta` (`NumPedido`) ON DELETE CASCADE ON UPDATE CASCADE;

--
-- Filtros para la tabla `producto`
--
ALTER TABLE `producto`
  ADD CONSTRAINT `producto_ibfk_7` FOREIGN KEY (`CodigoCat`) REFERENCES `categoria` (`CodigoCat`) ON UPDATE CASCADE,
  ADD CONSTRAINT `producto_ibfk_8` FOREIGN KEY (`NITProveedor`) REFERENCES `proveedor` (`NITProveedor`) ON UPDATE CASCADE,
  ADD CONSTRAINT `producto_ibfk_9` FOREIGN KEY (`Nombre`) REFERENCES `administrador` (`Nombre`);

--
-- Filtros para la tabla `venta`
--
ALTER TABLE `venta`
  ADD CONSTRAINT `venta_ibfk_1` FOREIGN KEY (`NIT`) REFERENCES `cliente` (`NIT`) ON UPDATE CASCADE;

/*!40101 SET CHARACTER_SET_CLIENT=@OLD_CHARACTER_SET_CLIENT */;
/*!40101 SET CHARACTER_SET_RESULTS=@OLD_CHARACTER_SET_RESULTS */;
/*!40101 SET COLLATION_CONNECTION=@OLD_COLLATION_CONNECTION */;
